,true_value,predicted_value,error,abs_error,pct_error,elderly_smoker,obese_smoker,has_children,largeFamily,age_squared,log_bmi,northeast,northwest,southeast,southwest,female,male,no,yes
0,8688.858849999997,8958.978,-270.1186890625031,270.1186890625031,3.108793614048676,8.803840792177876,8.791077180477767,8.044914564493206,8.71853680094332,9.631581593624691,7.808066153956645,10.719543523899247,8.572735190120746,8.542696192852889,8.571429767620122,8.211329536375514,9.972240728967465,9.545234659833483,8.638335605509496
1,5708.866999999997,4920.706,788.1609453124966,788.1609453124966,13.805908340700476,8.803840792177876,8.791077180477767,9.8765097156922,11.292746262991145,8.372326344813745,8.383442230848246,8.587100239312884,8.572735190120746,8.542696192852889,10.670523674185828,10.024830562272234,8.158739703070745,9.545234659833483,8.638335605509496
2,11436.738150000008,11708.039,-271.3009124999917,271.3009124999917,2.372187847109112,8.803840792177876,8.791077180477767,9.8765097156922,11.292746262991145,9.79302457424148,9.972066841304414,8.587100239312884,10.674494237797813,8.542696192852889,8.571429767620122,10.024830562272234,8.158739703070745,9.545234659833483,8.638335605509496
3,38746.355100000015,35800.07,2946.284787500015,2946.284787500015,7.604030830502594,8.803840792177876,11.823688509676721,9.8765097156922,11.292746262991145,8.469192133183817,9.716099594631789,8.587100239312884,10.674494237797813,8.542696192852889,8.571429767620122,8.211329536375514,9.972240728967465,7.280105947047642,10.903464318295338
4,4463.205099999999,5200.918,-737.7128687500008,737.7128687500008,16.52876917419728,8.803840792177876,8.791077180477767,9.8765097156922,8.71853680094332,8.469192133183817,10.215908665389618,8.587100239312884,8.572735190120746,10.587909003536112,8.571429767620122,8.211329536375514,9.972240728967465,9.545234659833483,8.638335605509496
5,9304.701899999996,10058.458,-753.7561078125036,753.7561078125036,8.10080877295493,8.803840792177876,8.791077180477767,9.8765097156922,8.71853680094332,9.631581593624691,10.110450897240177,8.587100239312884,8.572735190120746,10.587909003536112,8.571429767620122,8.211329536375514,9.972240728967465,9.545234659833483,8.638335605509496
6,38511.6283,44207.883,-5696.254512500003,5696.254512500003,14.79099888513414,8.803840792177876,11.823688509676721,9.8765097156922,8.71853680094332,8.120475295051556,10.007514063274332,10.719543523899247,8.572735190120746,8.542696192852889,8.571429767620122,10.024830562272234,8.158739703070745,7.280105947047642,10.903464318295338
7,2150.4689999999996,2661.0334,-510.5644472656254,510.5644472656254,23.742004523925967,8.803840792177876,8.791077180477767,8.044914564493206,8.71853680094332,8.084150624412779,8.149568344278665,8.587100239312884,8.572735190120746,8.542696192852889,10.670523674185828,10.024830562272234,8.158739703070745,9.545234659833483,8.638335605509496
8,7345.726599999994,7839.884,-494.1571890625064,494.1571890625064,6.727138320972998,8.803840792177876,8.791077180477767,9.8765097156922,8.71853680094332,9.185998967122357,9.87811454333432,8.587100239312884,8.572735190120746,10.587909003536112,8.571429767620122,10.024830562272234,8.158739703070745,9.545234659833483,8.638335605509496
9,10264.442099999997,11407.974,-1143.5315328125034,1143.5315328125034,11.140708103487707,8.803840792177876,8.791077180477767,9.8765097156922,11.292746262991145,9.631581593624691,8.896396820708658,8.587100239312884,10.674494237797813,8.542696192852889,8.571429767620122,8.211329536375514,9.972240728967465,9.545234659833483,8.638335605509496
10,13415.03809999999,14619.939,-1204.9013531250093,1204.9013531250093,8.981721439352528,8.803840792177876,8.791077180477767,8.044914564493206,8.71853680094332,10.697105265695491,7.5162840229748324,8.587100239312884,10.674494237797813,8.542696192852889,8.571429767620122,10.024830562272234,8.158739703070745,9.545234659833483,8.638335605509496
11,24393.622399999997,24572.377,-178.75455312500344,178.75455312500344,0.7327921626146163,11.944784669603104,8.791077180477767,8.044914564493206,8.71853680094332,9.876167709259125,8.682482277339133,8.587100239312884,10.674494237797813,8.542696192852889,8.571429767620122,8.211329536375514,9.972240728967465,7.280105947047642,10.903464318295338
12,37607.52769999999,36844.445,763.0823874999915,763.0823874999915,2.029068205672003,8.803840792177876,11.823688509676721,9.8765097156922,8.71853680094332,8.520046672078106,9.614773004423123,10.719543523899247,8.572735190120746,8.542696192852889,8.571429767620122,8.211329536375514,9.972240728967465,7.280105947047642,10.903464318295338
13,13063.883000000002,14221.318,-1157.4353593749984,1157.4353593749984,8.859811124877636,8.803840792177876,8.791077180477767,8.044914564493206,8.71853680094332,10.697105265695491,10.837389491566077,8.587100239312884,8.572735190120746,8.542696192852889,10.670523674185828,10.024830562272234,8.158739703070745,9.545234659833483,8.638335605509496
14,24915.04626000001,7319.1006,17595.94567406251,17595.94567406251,70.62377284168247,8.803840792177876,8.791077180477767,9.8765097156922,8.71853680094332,8.682296867597978,10.180821176727209,10.719543523899247,8.572735190120746,8.542696192852889,8.571429767620122,10.024830562272234,8.158739703070745,9.545234659833483,8.638335605509496
15,8027.968,8875.416,-847.4480156250002,847.4480156250002,10.556195735022863,8.803840792177876,8.791077180477767,9.8765097156922,8.71853680094332,9.32806879006513,8.89796863620301,8.587100239312884,8.572735190120746,8.542696192852889,10.670523674185828,8.211329536375514,9.972240728967465,9.545234659833483,8.638335605509496
16,1980.0700000000002,2896.4705,-916.4004589843748,916.4004589843748,46.28121525927744,8.803840792177876,8.791077180477767,9.8765097156922,8.71853680094332,8.016344572553727,9.529078368792554,8.587100239312884,8.572735190120746,8.542696192852889,10.670523674185828,8.211329536375514,9.972240728967465,9.545234659833483,8.638335605509496
17,38709.176,37583.664,1125.5119374999995,1125.5119374999995,2.9076101684520474,8.803840792177876,11.823688509676721,9.8765097156922,8.71853680094332,8.739609125716939,9.821724437646807,8.587100239312884,8.572735190120746,10.587909003536112,8.571429767620122,8.211329536375514,9.972240728967465,7.280105947047642,10.903464318295338
18,3484.3310000000006,2966.2585,518.0724550781256,518.0724550781256,14.868634899443409,8.803840792177876,8.791077180477767,9.8765097156922,8.71853680094332,8.239135885804895,8.037542821254089,8.587100239312884,8.572735190120746,8.542696192852889,10.670523674185828,8.211329536375514,9.972240728967465,9.545234659833483,8.638335605509496
19,3947.4131000000025,4527.669,-580.2558453124975,580.2558453124975,14.699648367496607,8.803840792177876,8.791077180477767,9.8765097156922,8.71853680094332,8.372326344813745,9.035781944732477,8.587100239312884,8.572735190120746,10.587909003536112,8.571429767620122,10.024830562272234,8.158739703070745,9.545234659833483,8.638335605509496
20,1880.069999999999,2135.4841,-255.41413085937597,255.41413085937597,13.585352186853475,8.803840792177876,8.791077180477767,8.044914564493206,8.71853680094332,8.016344572553727,9.529078368792554,8.587100239312884,8.572735190120746,10.587909003536112,8.571429767620122,10.024830562272234,8.158739703070745,9.545234659833483,8.638335605509496
21,20773.627750000018,21421.592,-647.9640468749822,647.9640468749822,3.1191665445867134,8.803840792177876,8.791077180477767,9.8765097156922,8.71853680094332,8.739609125716939,8.79066492042622,10.719543523899247,8.572735190120746,8.542696192852889,8.571429767620122,8.211329536375514,9.972240728967465,7.280105947047642,10.903464318295338
22,9800.888200000003,10475.034,-674.145979687497,674.145979687497,6.878417199856404,8.803840792177876,8.791077180477767,9.8765097156922,8.71853680094332,9.631581593624691,10.698427761934632,8.587100239312884,8.572735190120746,10.587909003536112,8.571429767620122,10.024830562272234,8.158739703070745,9.545234659833483,8.638335605509496
23,21082.16,21047.11,35.050624999999854,35.050624999999854,0.16625727629426898,8.803840792177876,8.791077180477767,9.8765097156922,8.71853680094332,8.921232478910824,8.834679448671398,8.587100239312884,8.572735190120746,8.542696192852889,10.670523674185828,8.211329536375514,9.972240728967465,7.280105947047642,10.903464318295338
24,55135.402090000025,43985.54,11149.863027500025,11149.863027500025,20.222692870362305,8.803840792177876,11.823688509676721,8.044914564493206,8.71853680094332,8.572515640778562,9.864080757517948,8.587100239312884,10.674494237797813,8.542696192852889,8.571429767620122,10.024830562272234,8.158739703070745,7.280105947047642,10.903464318295338
25,3579.8287,5769.4717,-2189.6429796875,2189.6429796875,61.16613847158385,8.803840792177876,8.791077180477767,9.8765097156922,8.71853680094332,8.049440383580169,9.614773004423123,8.587100239312884,10.674494237797813,8.542696192852889,8.571429767620122,10.024830562272234,8.158739703070745,9.545234659833483,8.638335605509496
26,43896.37630000002,39448.438,4447.938800000018,4447.938800000018,10.13281545064579,11.944784669603104,11.823688509676721,9.8765097156922,8.71853680094332,9.117385700360222,10.44482184920081,8.587100239312884,8.572735190120746,10.587909003536112,8.571429767620122,10.024830562272234,8.158739703070745,7.280105947047642,10.903464318295338
27,52590.82938999996,53508.285,-917.4557662500374,917.4557662500374,1.7445166332069477,11.944784669603104,11.823688509676721,8.044914564493206,8.71853680094332,10.599432262422335,9.501541379973983,8.587100239312884,8.572735190120746,8.542696192852889,10.670523674185828,8.211329536375514,9.972240728967465,7.280105947047642,10.903464318295338
28,9778.347200000002,11192.939,-1414.592253124998,1414.592253124998,14.466578289682715,8.803840792177876,8.791077180477767,9.8765097156922,8.71853680094332,9.631581593624691,9.21391265999891,10.719543523899247,8.572735190120746,8.542696192852889,8.571429767620122,10.024830562272234,8.158739703070745,9.545234659833483,8.638335605509496
29,10736.870749999993,13161.805,-2424.9339375000072,2424.9339375000072,22.585108771100824,8.803840792177876,8.791077180477767,9.8765097156922,11.292746262991145,9.55328174802555,9.876203328102658,10.719543523899247,8.572735190120746,8.542696192852889,8.571429767620122,8.211329536375514,9.972240728967465,9.545234659833483,8.638335605509496
30,4347.023350000001,4469.6655,-122.6421773437487,122.6421773437487,2.821290972447817,8.803840792177876,8.791077180477767,8.044914564493206,8.71853680094332,8.469192133183817,9.255583834399184,10.719543523899247,8.572735190120746,8.542696192852889,8.571429767620122,10.024830562272234,8.158739703070745,9.545234659833483,8.638335605509496
31,9048.027300000003,10444.099,-1396.0713328124966,1396.0713328124966,15.42956587689005,8.803840792177876,8.791077180477767,9.8765097156922,8.71853680094332,9.711495869030001,10.056814823363405,8.587100239312884,8.572735190120746,10.587909003536112,8.571429767620122,8.211329536375514,9.972240728967465,9.545234659833483,8.638335605509496
32,1711.0267999999994,3378.5596,-1667.5327703125006,1667.5327703125006,97.45801587166847,8.803840792177876,8.791077180477767,9.8765097156922,8.71853680094332,7.954996239919348,7.96517693654328,8.587100239312884,8.572735190120746,10.587909003536112,8.571429767620122,8.211329536375514,9.972240728967465,9.545234659833483,8.638335605509496
33,12333.827999999998,15297.856,-2964.0284453125023,2964.0284453125023,24.031699204111675,8.803840792177876,8.791077180477767,9.8765097156922,8.71853680094332,10.503373688955346,8.705466877050135,8.587100239312884,8.572735190120746,8.542696192852889,10.670523674185828,8.211329536375514,9.972240728967465,9.545234659833483,8.638335605509496
34,63770.428010000054,50067.816,13702.611603750054,13702.611603750054,21.48740730045171,11.944784669603104,11.823688509676721,8.044914564493206,8.71853680094332,10.04729726871292,11.178322404118902,8.587100239312884,8.572735190120746,10.587909003536112,8.571429767620122,10.024830562272234,8.158739703070745,7.280105947047642,10.903464318295338
35,9872.701,11889.605,-2016.904468750001,2016.904468750001,20.4291051531896,8.803840792177876,8.791077180477767,9.8765097156922,8.71853680094332,9.79302457424148,9.690973421116588,8.587100239312884,8.572735190120746,8.542696192852889,10.670523674185828,10.024830562272234,8.158739703070745,9.545234659833483,8.638335605509496
36,4687.796999999996,3788.2468,899.5501738281209,899.5501738281209,19.189187881389095,8.803840792177876,8.791077180477767,9.8765097156922,11.292746262991145,7.984863191333455,8.882226610938998,8.587100239312884,8.572735190120746,8.542696192852889,10.670523674185828,10.024830562272234,8.158739703070745,9.545234659833483,8.638335605509496
37,5693.4305,5680.1445,13.285968750000393,13.285968750000393,0.23335612422072058,8.803840792177876,8.791077180477767,9.8765097156922,11.292746262991145,8.419952024095698,7.2689698145990445,8.587100239312884,10.674494237797813,8.542696192852889,8.571429767620122,10.024830562272234,8.158739703070745,9.545234659833483,8.638335605509496
38,21195.818000000014,22821.984,-1626.1663749999861,1626.1663749999861,7.67210954066498,11.944784669603104,8.791077180477767,8.044914564493206,8.71853680094332,9.960925274082939,7.475964329076015,8.587100239312884,8.572735190120746,10.587909003536112,8.571429767620122,8.211329536375514,9.972240728967465,7.280105947047642,10.903464318295338
39,8233.097499999994,9070.805,-837.7071875000056,837.7071875000056,10.174872670948039,8.803840792177876,8.791077180477767,9.8765097156922,8.71853680094332,9.40152534624577,8.794683436444032,8.587100239312884,8.572735190120746,10.587909003536112,8.571429767620122,10.024830562272234,8.158739703070745,9.545234659833483,8.638335605509496
40,2755.0209499999996,3321.044,-566.0229953125004,566.0229953125004,20.54514305281419,8.803840792177876,8.791077180477767,8.044914564493206,8.71853680094332,8.084150624412779,10.380637304405443,10.719543523899247,8.572735190120746,8.542696192852889,8.571429767620122,10.024830562272234,8.158739703070745,9.545234659833483,8.638335605509496
41,19798.054549999983,19866.7,-68.64466875001744,68.64466875001744,0.3467243136271564,11.944784669603104,8.791077180477767,9.8765097156922,8.71853680094332,9.185998967122357,7.29008727299583,10.719543523899247,8.572735190120746,8.542696192852889,8.571429767620122,10.024830562272234,8.158739703070745,7.280105947047642,10.903464318295338
42,42124.51529999998,39059.293,3065.2223312499773,3065.2223312499773,7.27657590697543,11.944784669603104,11.823688509676721,9.8765097156922,11.292746262991145,9.185998967122357,9.919964490919977,8.587100239312884,8.572735190120746,10.587909003536112,8.571429767620122,8.211329536375514,9.972240728967465,7.280105947047642,10.903464318295338
43,9964.060000000005,11118.344,-1154.283749999995,1154.283749999995,11.584472092701112,8.803840792177876,8.791077180477767,9.8765097156922,8.71853680094332,9.79302457424148,9.431979644381085,10.719543523899247,8.572735190120746,8.542696192852889,8.571429767620122,8.211329536375514,9.972240728967465,9.545234659833483,8.638335605509496
44,9193.838500000002,8547.725,646.1138906250017,646.1138906250017,7.027683710400194,8.803840792177876,8.791077180477767,9.8765097156922,8.71853680094332,9.40152534624577,7.2689698145990445,8.587100239312884,10.674494237797813,8.542696192852889,8.571429767620122,10.024830562272234,8.158739703070745,9.545234659833483,8.638335605509496
45,3161.454000000002,3541.4912,-380.037210937498,380.037210937498,12.020962852456424,8.803840792177876,8.791077180477767,8.044914564493206,8.71853680094332,8.32631509533796,8.418404986585301,8.587100239312884,8.572735190120746,8.542696192852889,10.670523674185828,10.024830562272234,8.158739703070745,9.545234659833483,8.638335605509496
46,2217.6011999999996,2994.8032,-777.2020226562504,777.2020226562504,35.04696979133356,8.803840792177876,8.791077180477767,8.044914564493206,8.71853680094332,7.954996239919348,10.43465667770629,10.719543523899247,8.572735190120746,8.542696192852889,8.571429767620122,10.024830562272234,8.158739703070745,9.545234659833483,8.638335605509496
47,7337.748,8670.009,-1332.2607890625004,1332.2607890625004,18.156262508095132,8.803840792177876,8.791077180477767,9.8765097156922,8.71853680094332,9.185998967122357,9.082844528545474,8.587100239312884,8.572735190120746,8.542696192852889,10.670523674185828,10.024830562272234,8.158739703070745,9.545234659833483,8.638335605509496
48,4133.641650000003,5937.3696,-1803.7279789062468,1803.7279789062468,43.63532525627241,8.803840792177876,8.791077180477767,9.8765097156922,8.71853680094332,8.32631509533796,8.441857657830534,8.587100239312884,10.674494237797813,8.542696192852889,8.571429767620122,10.024830562272234,8.158739703070745,9.545234659833483,8.638335605509496
49,6338.075599999995,7331.1943,-993.1187359375053,993.1187359375053,15.669089462068047,8.803840792177876,8.791077180477767,9.8765097156922,8.71853680094332,8.921232478910824,9.437582893633095,8.587100239312884,8.572735190120746,10.587909003536112,8.571429767620122,8.211329536375514,9.972240728967465,9.545234659833483,8.638335605509496
50,4349.462000000004,4363.1216,-13.659582031245918,13.659582031245918,0.31405222142982064,8.803840792177876,8.791077180477767,9.8765097156922,8.71853680094332,8.32631509533796,9.529078368792554,8.587100239312884,8.572735190120746,10.587909003536112,8.571429767620122,10.024830562272234,8.158739703070745,9.545234659833483,8.638335605509496
51,5757.413450000005,7019.417,-1262.0035421874954,1262.0035421874954,21.91962681067302,8.803840792177876,8.791077180477767,8.044914564493206,8.71853680094332,8.921232478910824,10.695755576560003,10.719543523899247,8.572735190120746,8.542696192852889,8.571429767620122,8.211329536375514,9.972240728967465,9.545234659833483,8.638335605509496
52,21771.34229999999,23313.092,-1541.7494968750107,1541.7494968750107,7.08155462180672,11.944784669603104,8.791077180477767,9.8765097156922,8.71853680094332,9.185998967122357,8.325174895686956,10.719543523899247,8.572735190120746,8.542696192852889,8.571429767620122,10.024830562272234,8.158739703070745,7.280105947047642,10.903464318295338
53,1391.5287000000003,1939.418,-547.8892687499997,547.8892687499997,39.373192141132236,8.803840792177876,8.791077180477767,8.044914564493206,8.71853680094332,8.016344572553727,9.574162196606588,8.587100239312884,8.572735190120746,10.587909003536112,8.571429767620122,8.211329536375514,9.972240728967465,9.545234659833483,8.638335605509496
54,7160.093999999998,7165.444,-5.349847656251768,5.349847656251768,0.07471756175619718,8.803840792177876,8.791077180477767,9.8765097156922,8.71853680094332,9.117385700360222,9.898452292576964,8.587100239312884,8.572735190120746,8.542696192852889,10.670523674185828,8.211329536375514,9.972240728967465,9.545234659833483,8.638335605509496
55,7731.427099999997,8561.587,-830.1598140625028,830.1598140625028,10.737471922389377,8.803840792177876,8.791077180477767,9.8765097156922,8.71853680094332,9.25622666369066,9.200675671578457,8.587100239312884,8.572735190120746,10.587909003536112,8.571429767620122,8.211329536375514,9.972240728967465,9.545234659833483,8.638335605509496
56,9957.7216,11407.908,-1450.1866031249992,1450.1866031249992,14.563437916611358,8.803840792177876,8.791077180477767,9.8765097156922,8.71853680094332,9.79302457424148,8.744607618505253,10.719543523899247,8.572735190120746,8.542696192852889,8.571429767620122,8.211329536375514,9.972240728967465,9.545234659833483,8.638335605509496
57,3594.1708499999986,5085.1284,-1490.9575679687514,1490.9575679687514,41.48265706313744,8.803840792177876,8.791077180477767,9.8765097156922,8.71853680094332,8.197967925747614,7.808066153956645,8.587100239312884,10.674494237797813,8.542696192852889,8.571429767620122,10.024830562272234,8.158739703070745,9.545234659833483,8.638335605509496
58,38282.74950000001,38440.773,-158.02393749998737,158.02393749998737,0.41278105560309175,8.803840792177876,11.823688509676721,9.8765097156922,8.71853680094332,8.572515640778562,9.892106260237888,8.587100239312884,8.572735190120746,10.587909003536112,8.571429767620122,8.211329536375514,9.972240728967465,7.280105947047642,10.903464318295338
59,7256.723099999995,8549.314,-1292.5913531250053,1292.5913531250053,17.81232844787761,8.803840792177876,8.791077180477767,9.8765097156922,8.71853680094332,9.050386863404254,9.185923743791683,8.587100239312884,10.674494237797813,8.542696192852889,8.571429767620122,8.211329536375514,9.972240728967465,9.545234659833483,8.638335605509496
60,10977.20629999999,12422.822,-1445.6159656250093,1445.6159656250093,13.169252049358047,8.803840792177876,8.791077180477767,9.8765097156922,11.292746262991145,9.631581593624691,10.567306374672926,8.587100239312884,8.572735190120746,10.587909003536112,8.571429767620122,10.024830562272234,8.158739703070745,9.545234659833483,8.638335605509496
61,5245.226899999996,5674.6367,-429.409818750004,429.409818750004,8.186677658310726,8.803840792177876,8.791077180477767,9.8765097156922,8.71853680094332,8.682296867597978,9.692299228842128,8.587100239312884,8.572735190120746,10.587909003536112,8.571429767620122,10.024830562272234,8.158739703070745,9.545234659833483,8.638335605509496
62,11187.656700000007,13066.024,-1878.3677140624932,1878.3677140624932,16.789643840809774,8.803840792177876,8.791077180477767,9.8765097156922,8.71853680094332,9.876167709259125,9.351393712344102,8.587100239312884,10.674494237797813,8.542696192852889,8.571429767620122,10.024830562272234,8.158739703070745,9.545234659833483,8.638335605509496
63,1708.9257500000006,2114.9941,-406.06839062499944,406.06839062499944,23.76161694707914,8.803840792177876,8.791077180477767,8.044914564493206,8.71853680094332,7.954996239919348,8.474666751583657,10.719543523899247,8.572735190120746,8.542696192852889,8.571429767620122,8.211329536375514,9.972240728967465,9.545234659833483,8.638335605509496
64,11411.68499999999,13093.443,-1681.7583593750096,1681.7583593750096,14.737160720568532,8.803840792177876,8.791077180477767,9.8765097156922,11.292746262991145,9.876167709259125,10.909436219651484,8.587100239312884,8.572735190120746,8.542696192852889,10.670523674185828,10.024830562272234,8.158739703070745,9.545234659833483,8.638335605509496
65,11729.679499999993,11886.884,-157.2042890625071,157.2042890625071,1.3402266367338271,8.803840792177876,8.791077180477767,9.8765097156922,8.71853680094332,9.960925274082939,8.046981663836519,10.719543523899247,8.572735190120746,8.542696192852889,8.571429767620122,10.024830562272234,8.158739703070745,9.545234659833483,8.638335605509496
66,6079.6714999999995,6603.6196,-523.9481289062505,523.9481289062505,8.618033538592513,8.803840792177876,8.791077180477767,9.8765097156922,8.71853680094332,8.85907693137336,10.054362113865885,10.719543523899247,8.572735190120746,8.542696192852889,8.571429767620122,8.211329536375514,9.972240728967465,9.545234659833483,8.638335605509496
67,37829.72419999999,23463.14,14366.58357499999,14366.58357499999,37.976971492168566,11.944784669603104,8.791077180477767,8.044914564493206,8.71853680094332,9.185998967122357,8.754341732703555,8.587100239312884,8.572735190120746,8.542696192852889,10.670523674185828,8.211329536375514,9.972240728967465,7.280105947047642,10.903464318295338
68,16297.846000000007,17934.625,-1636.7789999999932,1636.7789999999932,10.042916100692032,8.803840792177876,8.791077180477767,8.044914564493206,8.71853680094332,7.984863191333455,8.738106912626609,8.587100239312884,8.572735190120746,8.542696192852889,10.670523674185828,8.211329536375514,9.972240728967465,7.280105947047642,10.903464318295338
69,31620.001059999995,16409.898,15210.102622499995,15210.102622499995,48.10278972995074,8.803840792177876,8.791077180477767,9.8765097156922,8.71853680094332,10.796392698774817,10.030996865425468,10.719543523899247,8.572735190120746,8.542696192852889,8.571429767620122,10.024830562272234,8.158739703070745,9.545234659833483,8.638335605509496
70,9991.03765,10136.427,-145.3891078124998,145.3891078124998,1.4551952750623434,8.803840792177876,8.791077180477767,8.044914564493206,8.71853680094332,9.876167709259125,6.894534443734871,8.587100239312884,10.674494237797813,8.542696192852889,8.571429767620122,10.024830562272234,8.158739703070745,9.545234659833483,8.638335605509496
71,2203.471849999999,3022.028,-818.556226171876,818.556226171876,37.148476672024486,8.803840792177876,8.791077180477767,8.044914564493206,8.71853680094332,7.954996239919348,9.115208241352049,10.719543523899247,8.572735190120746,8.542696192852889,8.571429767620122,10.024830562272234,8.158739703070745,9.545234659833483,8.638335605509496
72,6858.4796000000015,9031.095,-2172.6151265624985,2172.6151265624985,31.677795273496155,8.803840792177876,8.791077180477767,9.8765097156922,8.71853680094332,9.050386863404254,8.082676188878406,10.719543523899247,8.572735190120746,8.542696192852889,8.571429767620122,8.211329536375514,9.972240728967465,9.545234659833483,8.638335605509496
73,3167.4558500000026,4709.3594,-1541.9035249999974,1541.9035249999974,48.679558548542865,8.803840792177876,8.791077180477767,9.8765097156922,8.71853680094332,8.049440383580169,6.51237712893187,10.719543523899247,8.572735190120746,8.542696192852889,8.571429767620122,10.024830562272234,8.158739703070745,9.545234659833483,8.638335605509496
74,10796.35024999999,11805.007,-1008.6565859375096,1008.6565859375096,9.342570059150411,8.803840792177876,8.791077180477767,8.044914564493206,8.71853680094332,10.13528369314907,8.94098742981692,10.719543523899247,8.572735190120746,8.542696192852889,8.571429767620122,8.211329536375514,9.972240728967465,9.545234659833483,8.638335605509496
75,1728.897,1727.2968,1.6002470703124345,1.6002470703124345,0.09255884360447353,8.803840792177876,8.791077180477767,8.044914564493206,8.71853680094332,7.984863191333455,6.958071529008875,8.587100239312884,8.572735190120746,8.542696192852889,10.670523674185828,10.024830562272234,8.158739703070745,9.545234659833483,8.638335605509496
76,12574.049000000006,14468.838,-1894.7888906249937,1894.7888906249937,15.06904331790812,8.803840792177876,8.791077180477767,8.044914564493206,8.71853680094332,10.697105265695491,10.774737462736752,8.587100239312884,8.572735190120746,8.542696192852889,10.670523674185828,8.211329536375514,9.972240728967465,9.545234659833483,8.638335605509496
77,4889.999500000003,5645.225,-755.2255976562474,755.2255976562474,15.444287829809532,8.803840792177876,8.791077180477767,9.8765097156922,8.71853680094332,8.572515640778562,9.892106260237888,8.587100239312884,8.572735190120746,10.587909003536112,8.571429767620122,8.211329536375514,9.972240728967465,9.545234659833483,8.638335605509496
78,9182.169999999998,11579.032,-2396.8622265625017,2396.8622265625017,26.103439890162157,8.803840792177876,8.791077180477767,9.8765097156922,8.71853680094332,9.631581593624691,7.560446383249219,8.587100239312884,8.572735190120746,8.542696192852889,10.670523674185828,10.024830562272234,8.158739703070745,9.545234659833483,8.638335605509496
79,30259.995560000014,13351.708,16908.287552187514,16908.287552187514,55.876702026150284,8.803840792177876,8.791077180477767,8.044914564493206,8.71853680094332,10.599432262422335,8.88143811426234,10.719543523899247,8.572735190120746,8.542696192852889,8.571429767620122,8.211329536375514,9.972240728967465,9.545234659833483,8.638335605509496
80,16796.411940000016,6696.306,10100.105787656266,10100.105787656266,60.132520110460305,8.803840792177876,8.791077180477767,9.8765097156922,8.71853680094332,8.281918275668344,9.185923743791683,10.719543523899247,8.572735190120746,8.542696192852889,8.571429767620122,10.024830562272234,8.158739703070745,9.545234659833483,8.638335605509496
81,12592.5345,13614.405,-1021.8707734375002,1021.8707734375002,8.11489357791714,8.803840792177876,8.791077180477767,9.8765097156922,11.292746262991145,9.876167709259125,11.114249975280192,8.587100239312884,8.572735190120746,10.587909003536112,8.571429767620122,10.024830562272234,8.158739703070745,9.545234659833483,8.638335605509496
82,12741.167450000008,14927.334,-2186.166534374992,2186.166534374992,17.158290580153945,8.803840792177876,8.791077180477767,8.044914564493206,8.71853680094332,10.599432262422335,10.042694110255079,10.719543523899247,8.572735190120746,8.542696192852889,8.571429767620122,8.211329536375514,9.972240728967465,9.545234659833483,8.638335605509496
83,18806.145470000014,8393.538,10412.607384062514,10412.607384062514,55.36811039068553,8.803840792177876,8.791077180477767,9.8765097156922,8.71853680094332,9.185998967122357,9.835885961882505,8.587100239312884,8.572735190120746,10.587909003536112,8.571429767620122,8.211329536375514,9.972240728967465,9.545234659833483,8.638335605509496
84,29523.165600000015,25395.494,4127.671459375015,4127.671459375015,13.981127617883269,11.944784669603104,8.791077180477767,8.044914564493206,8.71853680094332,10.89729456166031,8.744607618505253,10.719543523899247,8.572735190120746,8.542696192852889,8.571429767620122,10.024830562272234,8.158739703070745,7.280105947047642,10.903464318295338
85,12925.885999999997,13641.596,-715.7097031250032,715.7097031250032,5.53702626748374,8.803840792177876,8.791077180477767,9.8765097156922,8.71853680094332,10.503373688955346,9.052535941096314,8.587100239312884,8.572735190120746,10.587909003536112,8.571429767620122,8.211329536375514,9.972240728967465,9.545234659833483,8.638335605509496
86,3645.089399999999,3403.7473,241.34208554687393,241.34208554687393,6.621019653094764,8.803840792177876,8.791077180477767,8.044914564493206,8.71853680094332,8.419952024095698,8.358811534817455,10.719543523899247,8.572735190120746,8.542696192852889,8.571429767620122,8.211329536375514,9.972240728967465,9.545234659833483,8.638335605509496
87,1719.4363,3064.2942,-1344.857889453125,1344.857889453125,78.2150457945505,8.803840792177876,8.791077180477767,9.8765097156922,8.71853680094332,7.954996239919348,9.002092450222817,8.587100239312884,8.572735190120746,10.587909003536112,8.571429767620122,8.211329536375514,9.972240728967465,9.545234659833483,8.638335605509496
88,1984.4533000000006,3904.4387,-1919.9854207031244,1919.9854207031244,96.75135316629138,8.803840792177876,8.791077180477767,8.044914564493206,8.71853680094332,8.016344572553727,10.456090580088164,10.719543523899247,8.572735190120746,8.542696192852889,8.571429767620122,8.211329536375514,9.972240728967465,9.545234659833483,8.638335605509496
89,1824.2854000000004,2208.699,-384.41357460937456,384.41357460937456,21.07200850313084,8.803840792177876,8.791077180477767,8.044914564493206,8.71853680094332,8.120475295051556,9.46828110099156,8.587100239312884,8.572735190120746,10.587909003536112,8.571429767620122,8.211329536375514,9.972240728967465,9.545234659833483,8.638335605509496
90,13919.822899999986,15653.953,-1734.1302250000135,1734.1302250000135,12.457990575440549,8.803840792177876,8.791077180477767,9.8765097156922,11.292746262991145,10.599432262422335,9.544154748581057,8.587100239312884,8.572735190120746,10.587909003536112,8.571429767620122,8.211329536375514,9.972240728967465,9.545234659833483,8.638335605509496
91,18765.875450000003,17916.76,849.1156843750032,849.1156843750032,4.52478588935217,8.803840792177876,8.791077180477767,9.8765097156922,11.292746262991145,8.419952024095698,8.029031512118683,8.587100239312884,10.674494237797813,8.542696192852889,8.571429767620122,10.024830562272234,8.158739703070745,7.280105947047642,10.903464318295338
92,5615.368999999997,3791.609,1823.760113281247,1823.760113281247,32.478010141118915,8.803840792177876,8.791077180477767,9.8765097156922,11.292746262991145,8.32631509533796,8.149568344278665,8.587100239312884,8.572735190120746,8.542696192852889,10.670523674185828,8.211329536375514,9.972240728967465,9.545234659833483,8.638335605509496
93,1526.3119999999997,2441.895,-915.5830195312503,915.5830195312503,59.986622625731215,8.803840792177876,8.791077180477767,8.044914564493206,8.71853680094332,8.049440383580169,9.260675791962505,8.587100239312884,8.572735190120746,8.542696192852889,10.670523674185828,8.211329536375514,9.972240728967465,9.545234659833483,8.638335605509496
94,1743.2140000000006,2732.4116,-989.1976210937494,989.1976210937494,56.74562165596129,8.803840792177876,8.791077180477767,8.044914564493206,8.71853680094332,7.984863191333455,8.92929429785651,8.587100239312884,8.572735190120746,8.542696192852889,10.670523674185828,10.024830562272234,8.158739703070745,9.545234659833483,8.638335605509496
95,43254.417949999974,48833.168,-5578.750018750026,5578.750018750026,12.897526502839069,11.944784669603104,11.823688509676721,8.044914564493206,8.71853680094332,9.960925274082939,9.67835942933278,10.719543523899247,8.572735190120746,8.542696192852889,8.571429767620122,8.211329536375514,9.972240728967465,7.280105947047642,10.903464318295338
96,9504.310299999996,10798.45,-1294.1398953125044,1294.1398953125044,13.616347262068086,8.803840792177876,8.791077180477767,8.044914564493206,8.71853680094332,9.960925274082939,10.567306374672926,8.587100239312884,8.572735190120746,10.587909003536112,8.571429767620122,8.211329536375514,9.972240728967465,9.545234659833483,8.638335605509496
97,8232.638800000002,9139.977,-907.3377624999976,907.3377624999976,11.021226420136363,8.803840792177876,8.791077180477767,9.8765097156922,8.71853680094332,9.40152534624577,8.74135839730451,8.587100239312884,8.572735190120746,10.587909003536112,8.571429767620122,10.024830562272234,8.158739703070745,9.545234659833483,8.638335605509496
98,1674.6323000000002,2063.802,-389.1697019531248,389.1697019531248,23.239113562608622,8.803840792177876,8.791077180477767,8.044914564493206,8.71853680094332,8.084150624412779,9.633604466546828,8.587100239312884,8.572735190120746,10.587909003536112,8.571429767620122,8.211329536375514,9.972240728967465,9.545234659833483,8.638335605509496
99,8604.483649999995,9523.239,-918.7556078125053,918.7556078125053,10.677637905820252,8.803840792177876,8.791077180477767,9.8765097156922,8.71853680094332,9.32806879006513,8.100421606003543,10.719543523899247,8.572735190120746,8.542696192852889,8.571429767620122,8.211329536375514,9.972240728967465,9.545234659833483,8.638335605509496
100,13880.948999999993,14821.292,-940.3429921875068,940.3429921875068,6.774342245530239,8.803840792177876,8.791077180477767,8.044914564493206,8.71853680094332,10.89729456166031,9.361365497752907,8.587100239312884,8.572735190120746,8.542696192852889,10.670523674185828,10.024830562272234,8.158739703070745,9.545234659833483,8.638335605509496
101,12363.547000000006,15014.531,-2650.984249999994,2650.984249999994,21.44193935607632,8.803840792177876,8.791077180477767,9.8765097156922,11.292746262991145,10.224884547391387,9.936348355147326,8.587100239312884,8.572735190120746,8.542696192852889,10.670523674185828,8.211329536375514,9.972240728967465,9.545234659833483,8.638335605509496
102,23244.790200000003,23290.602,-45.8113624999969,45.8113624999969,0.1970822799682524,11.944784669603104,8.791077180477767,9.8765097156922,8.71853680094332,9.960925274082939,7.879958690967717,8.587100239312884,8.572735190120746,10.587909003536112,8.571429767620122,10.024830562272234,8.158739703070745,7.280105947047642,10.903464318295338
103,11264.540999999992,13408.765,-2144.223648437508,2144.223648437508,19.035162182262994,8.803840792177876,8.791077180477767,9.8765097156922,11.292746262991145,9.960925274082939,9.998832635910489,8.587100239312884,8.572735190120746,8.542696192852889,10.670523674185828,8.211329536375514,9.972240728967465,9.545234659833483,8.638335605509496
104,39983.425949999975,41851.895,-1868.4685812500247,1868.4685812500247,4.673107761167289,8.803840792177876,11.823688509676721,9.8765097156922,11.292746262991145,8.682296867597978,9.67835942933278,8.587100239312884,10.674494237797813,8.542696192852889,8.571429767620122,10.024830562272234,8.158739703070745,7.280105947047642,10.903464318295338
105,1627.2824499999997,2484.9849,-857.7024132812503,857.7024132812503,52.70765461037513,8.803840792177876,8.791077180477767,8.044914564493206,8.71853680094332,7.984863191333455,7.654721711643508,8.587100239312884,10.674494237797813,8.542696192852889,8.571429767620122,8.211329536375514,9.972240728967465,9.545234659833483,8.638335605509496
106,37701.876800000005,45553.973,-7852.0958562499945,7852.0958562499945,20.826803657291652,8.803840792177876,11.823688509676721,9.8765097156922,8.71853680094332,8.626599039285187,9.378410578411069,10.719543523899247,8.572735190120746,8.542696192852889,8.571429767620122,10.024830562272234,8.158739703070745,7.280105947047642,10.903464318295338
107,17942.10599999999,16183.136,1758.9702578124889,1758.9702578124889,9.803588596636816,8.803840792177876,8.791077180477767,9.8765097156922,11.292746262991145,8.049440383580169,8.400956345455983,8.587100239312884,8.572735190120746,8.542696192852889,10.670523674185828,8.211329536375514,9.972240728967465,7.280105947047642,10.903464318295338
108,12269.688649999995,14466.851,-2197.1619359375054,2197.1619359375054,17.907234638244113,8.803840792177876,8.791077180477767,9.8765097156922,8.71853680094332,10.13528369314907,9.601951104469387,8.587100239312884,10.674494237797813,8.542696192852889,8.571429767620122,10.024830562272234,8.158739703070745,9.545234659833483,8.638335605509496
109,4746.343999999996,5732.647,-986.3029726562536,986.3029726562536,20.780267352224246,8.803840792177876,8.791077180477767,9.8765097156922,8.71853680094332,8.682296867597978,8.63949396151624,8.587100239312884,8.572735190120746,8.542696192852889,10.670523674185828,8.211329536375514,9.972240728967465,9.545234659833483,8.638335605509496
110,6313.759000000004,6342.2227,-28.463656249996347,28.463656249996347,0.45081949200145793,8.803840792177876,8.791077180477767,9.8765097156922,8.71853680094332,8.798535813642065,9.216849121917955,8.587100239312884,8.572735190120746,10.587909003536112,8.571429767620122,10.024830562272234,8.158739703070745,9.545234659833483,8.638335605509496
111,12222.898300000008,14302.563,-2079.665176562492,2079.665176562492,17.01450118882598,8.803840792177876,8.791077180477767,8.044914564493206,8.71853680094332,10.408929545294525,8.651106742507414,8.587100239312884,10.674494237797813,8.542696192852889,8.571429767620122,10.024830562272234,8.158739703070745,9.545234659833483,8.638335605509496
112,5594.845500000002,7876.8125,-2281.966999999998,2281.966999999998,40.786952919432665,8.803840792177876,8.791077180477767,9.8765097156922,8.71853680094332,8.626599039285187,9.5632727053648,10.719543523899247,8.572735190120746,8.542696192852889,8.571429767620122,10.024830562272234,8.158739703070745,9.545234659833483,8.638335605509496
113,6551.750099999998,8603.007,-2051.2567359375016,2051.2567359375016,31.30853137908148,8.803840792177876,8.791077180477767,9.8765097156922,11.292746262991145,8.572515640778562,9.960191024350458,10.719543523899247,8.572735190120746,8.542696192852889,8.571429767620122,10.024830562272234,8.158739703070745,9.545234659833483,8.638335605509496
114,1682.5969999999995,2349.9553,-667.3583222656255,667.3583222656255,39.662398201448454,8.803840792177876,8.791077180477767,8.044914564493206,8.71853680094332,8.084150624412779,10.345618645576904,8.587100239312884,8.572735190120746,8.542696192852889,10.670523674185828,8.211329536375514,9.972240728967465,9.545234659833483,8.638335605509496
115,1986.9334000000006,2200.4978,-213.56440273437443,213.56440273437443,10.748442938971902,8.803840792177876,8.791077180477767,8.044914564493206,8.71853680094332,8.158414395496502,9.906056159693986,8.587100239312884,8.572735190120746,10.587909003536112,8.571429767620122,8.211329536375514,9.972240728967465,9.545234659833483,8.638335605509496
116,2710.8285499999997,4915.269,-2204.4404929687503,2204.4404929687503,81.31980508205694,8.803840792177876,8.791077180477767,9.8765097156922,8.71853680094332,7.984863191333455,8.408816307009795,8.587100239312884,10.674494237797813,8.542696192852889,8.571429767620122,10.024830562272234,8.158739703070745,9.545234659833483,8.638335605509496
117,1135.9406999999999,1819.0747,-683.1340070312501,683.1340070312501,60.13817508530597,8.803840792177876,8.791077180477767,8.044914564493206,8.71853680094332,7.954996239919348,9.574162196606588,8.587100239312884,8.572735190120746,10.587909003536112,8.571429767620122,8.211329536375514,9.972240728967465,9.545234659833483,8.638335605509496
118,1837.2818999999995,1984.1724,-146.8904632812505,146.8904632812505,7.994987774127124,8.803840792177876,8.791077180477767,8.044914564493206,8.71853680094332,8.120475295051556,10.615414148159513,8.587100239312884,8.572735190120746,10.587909003536112,8.571429767620122,8.211329536375514,9.972240728967465,9.545234659833483,8.638335605509496
119,10107.2206,11366.681,-1259.4600640624994,1259.4600640624994,12.46099312468256,8.803840792177876,8.791077180477767,9.8765097156922,8.71853680094332,9.711495869030001,8.007209612520844,8.587100239312884,8.572735190120746,10.587909003536112,8.571429767620122,10.024830562272234,8.158739703070745,9.545234659833483,8.638335605509496
120,44423.80299999999,49161.81,-4738.005593750007,4738.005593750007,10.665465974963936,11.944784669603104,11.823688509676721,8.044914564493206,8.71853680094332,10.13528369314907,9.821724437646807,8.587100239312884,8.572735190120746,10.587909003536112,8.571429767620122,10.024830562272234,8.158739703070745,7.280105947047642,10.903464318295338
121,12404.8791,5367.616,7037.2628890625,7037.2628890625,56.72979826996056,8.803840792177876,8.791077180477767,8.044914564493206,8.71853680094332,8.572515640778562,9.827522982750002,10.719543523899247,8.572735190120746,8.542696192852889,8.571429767620122,8.211329536375514,9.972240728967465,9.545234659833483,8.638335605509496
122,7152.6714000000065,8489.112,-1336.4409046874935,1336.4409046874935,18.684500237037202,8.803840792177876,8.791077180477767,9.8765097156922,8.71853680094332,9.25622666369066,10.176640696316642,8.587100239312884,8.572735190120746,10.587909003536112,8.571429767620122,8.211329536375514,9.972240728967465,9.545234659833483,8.638335605509496
123,5934.3798000000015,6353.733,-419.3531101562485,419.3531101562485,7.066502722934052,8.803840792177876,8.791077180477767,9.8765097156922,11.292746262991145,8.682296867597978,9.706858312454484,8.587100239312884,8.572735190120746,10.587909003536112,8.571429767620122,8.211329536375514,9.972240728967465,9.545234659833483,8.638335605509496
124,28340.188849999995,9148.445,19191.743537499995,19191.743537499995,67.7191801334803,8.803840792177876,8.791077180477767,9.8765097156922,8.71853680094332,9.32806879006513,8.72915363292075,8.587100239312884,10.674494237797813,8.542696192852889,8.571429767620122,10.024830562272234,8.158739703070745,9.545234659833483,8.638335605509496
125,6875.961000000006,7222.464,-346.5028671874943,346.5028671874943,5.039337296815587,8.803840792177876,8.791077180477767,9.8765097156922,8.71853680094332,9.050386863404254,9.41794202157033,8.587100239312884,8.572735190120746,8.542696192852889,10.670523674185828,8.211329536375514,9.972240728967465,9.545234659833483,8.638335605509496
126,5080.095999999998,3281.242,1798.8540566406227,1798.8540566406227,35.409843763594694,8.803840792177876,8.791077180477767,9.8765097156922,11.292746262991145,8.197967925747614,8.075184203214661,8.587100239312884,8.572735190120746,8.542696192852889,10.670523674185828,8.211329536375514,9.972240728967465,9.545234659833483,8.638335605509496
127,13041.921,14228.604,-1186.6825156249997,1186.6825156249997,9.098985614350829,8.803840792177876,8.791077180477767,8.044914564493206,8.71853680094332,10.697105265695491,8.81872214743168,8.587100239312884,8.572735190120746,8.542696192852889,10.670523674185828,10.024830562272234,8.158739703070745,9.545234659833483,8.638335605509496
128,38126.24649999997,39620.707,-1494.460531250028,1494.460531250028,3.919768318263454,8.803840792177876,11.823688509676721,8.044914564493206,8.71853680094332,8.158414395496502,10.41993445784233,8.587100239312884,8.572735190120746,10.587909003536112,8.571429767620122,8.211329536375514,9.972240728967465,7.280105947047642,10.903464318295338
129,48824.44999999997,57817.06,-8992.608593750032,8992.608593750032,18.418248631065044,11.944784669603104,11.823688509676721,8.044914564493206,8.71853680094332,10.89729456166031,10.133422738781885,8.587100239312884,8.572735190120746,8.542696192852889,10.670523674185828,10.024830562272234,8.158739703070745,7.280105947047642,10.903464318295338
130,29141.360299999982,29134.861,6.4989718749820895,6.4989718749820895,0.022301539146002372,11.944784669603104,8.791077180477767,8.044914564493206,8.71853680094332,10.697105265695491,8.95575680099814,8.587100239312884,10.674494237797813,8.542696192852889,8.571429767620122,10.024830562272234,8.158739703070745,7.280105947047642,10.903464318295338
131,7935.2911500000055,10102.28,-2166.9891234374945,2166.9891234374945,27.30824972234942,8.803840792177876,8.791077180477767,8.044914564493206,8.71853680094332,9.32806879006513,10.20345010986509,10.719543523899247,8.572735190120746,8.542696192852889,8.571429767620122,10.024830562272234,8.158739703070745,9.545234659833483,8.638335605509496
132,2137.6536,2294.993,-157.3393199218749,157.3393199218749,7.3603749420334,8.803840792177876,8.791077180477767,8.044914564493206,8.71853680094332,8.197967925747614,8.407943631291374,8.587100239312884,8.572735190120746,10.587909003536112,8.571429767620122,8.211329536375514,9.972240728967465,9.545234659833483,8.638335605509496
133,11085.586799999994,10996.621,88.96570624999367,88.96570624999367,0.8025349298603996,8.803840792177876,8.791077180477767,9.8765097156922,11.292746262991145,9.711495869030001,8.805916910136878,8.587100239312884,10.674494237797813,8.542696192852889,8.571429767620122,10.024830562272234,8.158739703070745,9.545234659833483,8.638335605509496
134,5972.377999999997,5935.7334,36.64460156249697,36.64460156249697,0.6135680220256821,8.803840792177876,8.791077180477767,9.8765097156922,11.292746262991145,8.572515640778562,10.275953082645998,8.587100239312884,8.572735190120746,8.542696192852889,10.670523674185828,10.024830562272234,8.158739703070745,9.545234659833483,8.638335605509496
135,4561.188500000001,7715.584,-3154.395484374999,3154.395484374999,69.15731468618318,8.803840792177876,8.791077180477767,9.8765097156922,11.292746262991145,7.954996239919348,9.296886261135436,10.719543523899247,8.572735190120746,8.542696192852889,8.571429767620122,10.024830562272234,8.158739703070745,9.545234659833483,8.638335605509496
136,42983.45849999999,49520.895,-6537.436031250007,6537.436031250007,15.209190370872571,11.944784669603104,11.823688509676721,8.044914564493206,8.71853680094332,9.25622666369066,10.281798426010315,8.587100239312884,10.674494237797813,8.542696192852889,8.571429767620122,10.024830562272234,8.158739703070745,7.280105947047642,10.903464318295338
137,19594.80965,19957.951,-363.14152187500076,363.14152187500076,1.8532536338009324,11.944784669603104,8.791077180477767,9.8765097156922,8.71853680094332,9.25622666369066,7.332037704519506,10.719543523899247,8.572735190120746,8.542696192852889,8.571429767620122,10.024830562272234,8.158739703070745,7.280105947047642,10.903464318295338
138,17748.506199999996,19995.846,-2247.339503125004,2247.339503125004,12.66213323983854,8.803840792177876,8.791077180477767,8.044914564493206,8.71853680094332,7.984863191333455,8.926171175581155,8.587100239312884,10.674494237797813,8.542696192852889,8.571429767620122,10.024830562272234,8.158739703070745,7.280105947047642,10.903464318295338
139,2473.334099999999,2478.8333,-5.499151953125875,5.499151953125875,0.22233761112685407,8.803840792177876,8.791077180477767,8.044914564493206,8.71853680094332,8.158414395496502,9.663044109289125,8.587100239312884,8.572735190120746,10.587909003536112,8.571429767620122,10.024830562272234,8.158739703070745,9.545234659833483,8.638335605509496
140,5152.133999999996,4914.8047,237.32931249999638,237.32931249999638,4.6064274046442995,8.803840792177876,8.791077180477767,9.8765097156922,8.71853680094332,8.520046672078106,9.067714835990294,8.587100239312884,8.572735190120746,8.542696192852889,10.670523674185828,10.024830562272234,8.158739703070745,9.545234659833483,8.638335605509496
141,4564.191450000003,6630.108,-2065.916460156247,2065.916460156247,45.26358025924275,8.803840792177876,8.791077180477767,9.8765097156922,8.71853680094332,8.239135885804895,8.999786559982567,10.719543523899247,8.572735190120746,8.542696192852889,8.571429767620122,10.024830562272234,8.158739703070745,9.545234659833483,8.638335605509496
142,45863.205,44961.836,901.3690625000017,901.3690625000017,1.9653425060459724,11.944784669603104,11.823688509676721,8.044914564493206,8.71853680094332,9.185998967122357,11.06017610379051,8.587100239312884,8.572735190120746,10.587909003536112,8.571429767620122,10.024830562272234,8.158739703070745,7.280105947047642,10.903464318295338
143,25517.113630000018,12093.568,13423.545270625018,13423.545270625018,52.606048886513534,8.803840792177876,8.791077180477767,9.8765097156922,8.71853680094332,10.04729726871292,8.358811534817455,10.719543523899247,8.572735190120746,8.542696192852889,8.571429767620122,8.211329536375514,9.972240728967465,9.545234659833483,8.638335605509496
144,1146.7966,1602.9769,-456.1803287109376,456.1803287109376,39.778660724224125,8.803840792177876,8.791077180477767,8.044914564493206,8.71853680094332,7.954996239919348,10.530897325809363,8.587100239312884,8.572735190120746,10.587909003536112,8.571429767620122,8.211329536375514,9.972240728967465,9.545234659833483,8.638335605509496
145,5649.715,6232.563,-582.8479882812499,582.8479882812499,10.316413983382343,8.803840792177876,8.791077180477767,8.044914564493206,8.71853680094332,8.921232478910824,9.501541379973983,8.587100239312884,8.572735190120746,8.542696192852889,10.670523674185828,10.024830562272234,8.158739703070745,9.545234659833483,8.638335605509496
146,11326.714869999994,5241.0225,6085.692409062494,6085.692409062494,53.72866253728251,8.803840792177876,8.791077180477767,9.8765097156922,8.71853680094332,8.572515640778562,10.674859859333798,8.587100239312884,8.572735190120746,10.587909003536112,8.571429767620122,8.211329536375514,9.972240728967465,9.545234659833483,8.638335605509496
147,7626.993000000004,9567.586,-1940.592937499996,1940.592937499996,25.443748768354645,8.803840792177876,8.791077180477767,9.8765097156922,8.71853680094332,9.25622666369066,8.705466877050135,8.587100239312884,8.572735190120746,8.542696192852889,10.670523674185828,10.024830562272234,8.158739703070745,9.545234659833483,8.638335605509496
148,42969.85269999999,38274.293,4695.5597312499885,4695.5597312499885,10.927567669437204,11.944784669603104,11.823688509676721,9.8765097156922,8.71853680094332,9.476596332232575,10.00255522502158,8.587100239312884,8.572735190120746,10.587909003536112,8.571429767620122,10.024830562272234,8.158739703070745,7.280105947047642,10.903464318295338
149,13555.004899999994,14691.238,-1136.2333812500056,1136.2333812500056,8.382390044359232,8.803840792177876,8.791077180477767,8.044914564493206,8.71853680094332,10.796392698774817,9.40527196263736,10.719543523899247,8.572735190120746,8.542696192852889,8.571429767620122,8.211329536375514,9.972240728967465,9.545234659833483,8.638335605509496
150,6571.543999999995,6459.964,111.58013281249532,111.58013281249532,1.6979287183117908,8.803840792177876,8.791077180477767,9.8765097156922,8.71853680094332,8.85907693137336,9.76986272557044,8.587100239312884,8.572735190120746,8.542696192852889,10.670523674185828,10.024830562272234,8.158739703070745,9.545234659833483,8.638335605509496
151,6985.506949999996,6269.978,715.5289226562463,715.5289226562463,10.243049327382698,8.803840792177876,8.791077180477767,9.8765097156922,11.292746262991145,8.798535813642065,7.845627820142799,10.719543523899247,8.572735190120746,8.542696192852889,8.571429767620122,8.211329536375514,9.972240728967465,9.545234659833483,8.638335605509496
152,4751.0700000000015,5588.435,-837.3650585937485,837.3650585937485,17.624767864791473,8.803840792177876,8.791077180477767,9.8765097156922,8.71853680094332,8.682296867597978,9.17260702700852,8.587100239312884,8.572735190120746,8.542696192852889,10.670523674185828,8.211329536375514,9.972240728967465,9.545234659833483,8.638335605509496
153,14319.030999999992,15321.539,-1002.5080625000082,1002.5080625000082,7.001228382702774,8.803840792177876,8.791077180477767,8.044914564493206,8.71853680094332,10.999810854351969,10.36861133279412,8.587100239312884,8.572735190120746,8.542696192852889,10.670523674185828,10.024830562272234,8.158739703070745,9.545234659833483,8.638335605509496
154,6593.508300000006,6968.9834,-375.4750984374941,375.4750984374941,5.694617817308181,8.803840792177876,8.791077180477767,9.8765097156922,8.71853680094332,8.985002456254456,8.271565890589768,8.587100239312884,8.572735190120746,10.587909003536112,8.571429767620122,8.211329536375514,9.972240728967465,9.545234659833483,8.638335605509496
155,34439.85589999998,36009.77,-1569.9136312500195,1569.9136312500195,4.5584210218777965,8.803840792177876,11.823688509676721,8.044914564493206,8.71853680094332,7.984863191333455,9.544154748581057,8.587100239312884,8.572735190120746,10.587909003536112,8.571429767620122,10.024830562272234,8.158739703070745,7.280105947047642,10.903464318295338
156,46113.51099999999,52931.453,-6817.942125000009,6817.942125000009,14.78512908071565,8.803840792177876,11.823688509676721,9.8765097156922,8.71853680094332,8.798535813642065,11.196605617943398,8.587100239312884,8.572735190120746,8.542696192852889,10.670523674185828,10.024830562272234,8.158739703070745,7.280105947047642,10.903464318295338
157,9432.925300000003,10915.783,-1482.8579031249974,1482.8579031249974,15.72002168961305,8.803840792177876,8.791077180477767,9.8765097156922,8.71853680094332,9.40152534624577,11.241527186172476,10.719543523899247,8.572735190120746,8.542696192852889,8.571429767620122,10.024830562272234,8.158739703070745,9.545234659833483,8.638335605509496
158,8280.622699999998,11363.841,-3083.218120312502,3083.218120312502,37.23413361548888,8.803840792177876,8.791077180477767,8.044914564493206,8.71853680094332,9.55328174802555,9.265035910043576,8.587100239312884,8.572735190120746,10.587909003536112,8.571429767620122,10.024830562272234,8.158739703070745,9.545234659833483,8.638335605509496
159,8835.264949999997,10438.621,-1603.356143750003,1603.356143750003,18.14723330679521,8.803840792177876,8.791077180477767,8.044914564493206,8.71853680094332,9.711495869030001,9.418644906304188,8.587100239312884,10.674494237797813,8.542696192852889,8.571429767620122,8.211329536375514,9.972240728967465,9.545234659833483,8.638335605509496
160,10923.933199999994,13101.626,-2177.692776562506,2177.692776562506,19.93506127044522,8.803840792177876,8.791077180477767,8.044914564493206,8.71853680094332,10.04729726871292,9.48494086668469,10.719543523899247,8.572735190120746,8.542696192852889,8.571429767620122,10.024830562272234,8.158739703070745,9.545234659833483,8.638335605509496
161,5458.046449999995,4571.2476,886.7988914062453,886.7988914062453,16.24755119858399,8.803840792177876,8.791077180477767,8.044914564493206,8.71853680094332,8.739609125716939,7.247756378905824,10.719543523899247,8.572735190120746,8.542696192852889,8.571429767620122,10.024830562272234,8.158739703070745,9.545234659833483,8.638335605509496
162,11842.623750000006,13717.253,-1874.629179687494,1874.629179687494,15.829508893141126,8.803840792177876,8.791077180477767,8.044914564493206,8.71853680094332,10.316099831439873,9.364921693023124,8.587100239312884,10.674494237797813,8.542696192852889,8.571429767620122,10.024830562272234,8.158739703070745,9.545234659833483,8.638335605509496
163,12231.613599999991,14236.028,-2004.4147203125085,2004.4147203125085,16.387165143219615,8.803840792177876,8.791077180477767,8.044914564493206,8.71853680094332,10.408929545294525,9.589093884993101,8.587100239312884,10.674494237797813,8.542696192852889,8.571429767620122,10.024830562272234,8.158739703070745,9.545234659833483,8.638335605509496
164,43578.93939999998,46801.312,-3222.373100000019,3222.373100000019,7.394335760268687,11.944784669603104,11.823688509676721,8.044914564493206,8.71853680094332,10.316099831439873,9.269391958951793,8.587100239312884,10.674494237797813,8.542696192852889,8.571429767620122,10.024830562272234,8.158739703070745,7.280105947047642,10.903464318295338
165,39556.49450000002,42835.176,-3278.6812812499775,3278.6812812499775,8.288604242345023,11.944784669603104,11.823688509676721,9.8765097156922,8.71853680094332,9.25622666369066,9.296886261135436,10.719543523899247,8.572735190120746,8.542696192852889,8.571429767620122,8.211329536375514,9.972240728967465,7.280105947047642,10.903464318295338
166,10560.491700000002,12224.168,-1663.6762687499977,1663.6762687499977,15.753776585516349,8.803840792177876,8.791077180477767,9.8765097156922,11.292746262991145,9.79302457424148,9.574162196606588,8.587100239312884,8.572735190120746,10.587909003536112,8.571429767620122,8.211329536375514,9.972240728967465,9.545234659833483,8.638335605509496
167,17085.2676,18424.104,-1338.8359156250008,1338.8359156250008,7.836201029856863,8.803840792177876,8.791077180477767,9.8765097156922,8.71853680094332,8.016344572553727,8.59610603459783,8.587100239312884,8.572735190120746,10.587909003536112,8.571429767620122,10.024830562272234,8.158739703070745,7.280105947047642,10.903464318295338
168,3206.491350000001,3239.5334,-33.04209726562385,33.04209726562385,1.030475172360089,8.803840792177876,8.791077180477767,8.044914564493206,8.71853680094332,8.197967925747614,7.992922775328909,10.719543523899247,8.572735190120746,8.542696192852889,8.571429767620122,10.024830562272234,8.158739703070745,9.545234659833483,8.638335605509496
169,3861.20965,3590.0815,271.1281070312498,271.1281070312498,7.021843712403697,8.803840792177876,8.791077180477767,9.8765097156922,11.292746262991145,8.049440383580169,7.332037704519506,10.719543523899247,8.572735190120746,8.542696192852889,8.571429767620122,8.211329536375514,9.972240728967465,9.545234659833483,8.638335605509496
170,4239.8926500000025,5511.901,-1272.0082289062475,1272.0082289062475,30.0009536540093,8.803840792177876,8.791077180477767,9.8765097156922,8.71853680094332,8.469192133183817,8.441857657830534,8.587100239312884,10.674494237797813,8.542696192852889,8.571429767620122,8.211329536375514,9.972240728967465,9.545234659833483,8.638335605509496
171,1633.0443999999995,1799.6964,-166.65201113281296,166.65201113281296,10.204989596903367,8.803840792177876,8.791077180477767,8.044914564493206,8.71853680094332,7.954996239919348,10.306269241616649,8.587100239312884,8.572735190120746,10.587909003536112,8.571429767620122,10.024830562272234,8.158739703070745,9.545234659833483,8.638335605509496
172,4137.5226999999995,4188.5005,-50.97778828125047,50.97778828125047,1.232084799951683,8.803840792177876,8.791077180477767,8.044914564493206,8.71853680094332,8.419952024095698,8.775362928416751,10.719543523899247,8.572735190120746,8.542696192852889,8.571429767620122,10.024830562272234,8.158739703070745,9.545234659833483,8.638335605509496
173,11833.78230000001,18183.17,-6349.38762187499,6349.38762187499,53.65476109759925,8.803840792177876,8.791077180477767,8.044914564493206,8.71853680094332,10.408929545294525,7.8584087820758715,8.587100239312884,8.572735190120746,10.587909003536112,8.571429767620122,10.024830562272234,8.158739703070745,9.545234659833483,8.638335605509496
174,8310.839150000007,8801.796,-490.95674843749293,490.95674843749293,5.907426910524342,8.803840792177876,8.791077180477767,9.8765097156922,8.71853680094332,9.185998967122357,9.199939181467835,8.587100239312884,10.674494237797813,8.542696192852889,8.571429767620122,10.024830562272234,8.158739703070745,9.545234659833483,8.638335605509496
175,32734.18629999999,18588.068,14146.11794062499,14146.11794062499,43.21512015291791,8.803840792177876,8.791077180477767,9.8765097156922,8.71853680094332,8.520046672078106,6.754866361093433,8.587100239312884,10.674494237797813,8.542696192852889,8.571429767620122,10.024830562272234,8.158739703070745,7.280105947047642,10.903464318295338
176,2597.7790000000005,3189.6558,-591.8767617187495,591.8767617187495,22.783953589537425,8.803840792177876,8.791077180477767,9.8765097156922,8.71853680094332,8.049440383580169,8.52174882593354,8.587100239312884,8.572735190120746,8.542696192852889,10.670523674185828,10.024830562272234,8.158739703070745,9.545234659833483,8.638335605509496
177,8283.680699999997,10879.166,-2595.485315625003,2595.485315625003,31.33251279983551,8.803840792177876,8.791077180477767,8.044914564493206,8.71853680094332,9.55328174802555,9.574162196606588,8.587100239312884,8.572735190120746,10.587909003536112,8.571429767620122,10.024830562272234,8.158739703070745,9.545234659833483,8.638335605509496
178,8428.069299999996,8933.124,-505.05472343750444,505.05472343750444,5.992531687387818,8.803840792177876,8.791077180477767,9.8765097156922,8.71853680094332,9.476596332232575,7.183531383486856,8.587100239312884,10.674494237797813,8.542696192852889,8.571429767620122,8.211329536375514,9.972240728967465,9.545234659833483,8.638335605509496
179,10141.136199999995,11059.498,-918.3618468750046,918.3618468750046,9.055808232562788,8.803840792177876,8.791077180477767,9.8765097156922,11.292746262991145,9.55328174802555,9.21391265999891,10.719543523899247,8.572735190120746,8.542696192852889,8.571429767620122,8.211329536375514,9.972240728967465,9.545234659833483,8.638335605509496
180,14119.62,16817.842,-2698.221796874999,2698.221796874999,19.109733809231404,8.803840792177876,8.791077180477767,9.8765097156922,8.71853680094332,10.697105265695491,9.431979644381085,8.587100239312884,10.674494237797813,8.542696192852889,8.571429767620122,8.211329536375514,9.972240728967465,9.545234659833483,8.638335605509496
181,2855.437550000001,2938.4678,-83.03022343749899,83.03022343749899,2.907793358586986,8.803840792177876,8.791077180477767,8.044914564493206,8.71853680094332,8.158414395496502,9.576201150872595,8.587100239312884,10.674494237797813,8.542696192852889,8.571429767620122,10.024830562272234,8.158739703070745,9.545234659833483,8.638335605509496
182,25992.821039999988,13769.474,12223.347407187488,12223.347407187488,47.025859133862966,8.803840792177876,8.791077180477767,9.8765097156922,11.292746262991145,9.876167709259125,8.52174882593354,8.587100239312884,8.572735190120746,10.587909003536112,8.571429767620122,8.211329536375514,9.972240728967465,9.545234659833483,8.638335605509496
183,11830.607200000004,13365.328,-1534.720924999996,1534.720924999996,12.972461168349799,8.803840792177876,8.791077180477767,8.044914564493206,8.71853680094332,10.316099831439873,7.938230434924734,8.587100239312884,10.674494237797813,8.542696192852889,8.571429767620122,10.024830562272234,8.158739703070745,9.545234659833483,8.638335605509496
184,40003.33224999997,49912.633,-9909.30056250003,9909.30056250003,24.771187811485472,11.944784669603104,11.823688509676721,9.8765097156922,8.71853680094332,8.985002456254456,9.498087805220507,8.587100239312884,10.674494237797813,8.542696192852889,8.571429767620122,10.024830562272234,8.158739703070745,7.280105947047642,10.903464318295338
185,10594.50155000001,12691.333,-2096.83145781249,2096.83145781249,19.791695229045374,8.803840792177876,8.791077180477767,8.044914564493206,8.71853680094332,10.13528369314907,8.72915363292075,8.587100239312884,10.674494237797813,8.542696192852889,8.571429767620122,8.211329536375514,9.972240728967465,9.545234659833483,8.638335605509496
186,3597.5960000000027,4295.749,-698.1530234374973,698.1530234374973,19.406098501262974,8.803840792177876,8.791077180477767,9.8765097156922,11.292746262991145,8.120475295051556,10.060491472680237,8.587100239312884,8.572735190120746,8.542696192852889,10.670523674185828,8.211329536375514,9.972240728967465,9.545234659833483,8.638335605509496
187,3591.480000000001,4106.4497,-514.9697070312491,514.9697070312491,14.338648886566233,8.803840792177876,8.791077180477767,9.8765097156922,11.292746262991145,8.120475295051556,9.487711722252188,8.587100239312884,8.572735190120746,8.542696192852889,10.670523674185828,8.211329536375514,9.972240728967465,9.545234659833483,8.638335605509496
188,2117.3388499999996,2590.061,-472.72218515625036,472.72218515625036,22.326241506230826,8.803840792177876,8.791077180477767,8.044914564493206,8.71853680094332,7.984863191333455,7.808066153956645,8.587100239312884,10.674494237797813,8.542696192852889,8.571429767620122,10.024830562272234,8.158739703070745,9.545234659833483,8.638335605509496
189,38711.00000000004,45743.26,-7032.261718749964,7032.261718749964,18.166055433210087,8.803840792177876,11.823688509676721,9.8765097156922,8.71853680094332,8.469192133183817,9.96144253422962,8.587100239312884,8.572735190120746,8.542696192852889,10.670523674185828,8.211329536375514,9.972240728967465,7.280105947047642,10.903464318295338
190,17878.90067999999,3734.7546,14144.146041328117,14144.146041328117,79.11082618826944,8.803840792177876,8.791077180477767,8.044914564493206,8.71853680094332,8.197967925747614,10.551343427817663,10.719543523899247,8.572735190120746,8.542696192852889,8.571429767620122,10.024830562272234,8.158739703070745,9.545234659833483,8.638335605509496
191,23887.662699999997,26406.42,-2518.757221875003,2518.757221875003,10.54417610256613,11.944784669603104,8.791077180477767,9.8765097156922,8.71853680094332,9.876167709259125,8.118099812178212,8.587100239312884,10.674494237797813,8.542696192852889,8.571429767620122,10.024830562272234,8.158739703070745,7.280105947047642,10.903464318295338
192,10564.884500000004,12841.559,-2276.6740937499962,2276.6740937499962,21.54944612740438,8.803840792177876,8.791077180477767,8.044914564493206,8.71853680094332,9.960925274082939,9.5632727053648,10.719543523899247,8.572735190120746,8.542696192852889,8.571429767620122,10.024830562272234,8.158739703070745,9.545234659833483,8.638335605509496
193,4562.842100000003,5078.425,-515.5827046874974,515.5827046874974,11.29959558950105,8.803840792177876,8.791077180477767,9.8765097156922,8.71853680094332,8.520046672078106,9.035781944732477,8.587100239312884,8.572735190120746,10.587909003536112,8.571429767620122,10.024830562272234,8.158739703070745,9.545234659833483,8.638335605509496
194,2198.1898499999998,2797.7983,-599.6084898437502,599.6084898437502,27.277375056742727,8.803840792177876,8.791077180477767,8.044914564493206,8.71853680094332,7.954996239919348,8.50724683069269,10.719543523899247,8.572735190120746,8.542696192852889,8.571429767620122,10.024830562272234,8.158739703070745,9.545234659833483,8.638335605509496
195,1131.5066,1970.3389,-838.8322671875001,838.8322671875001,74.13410290205114,8.803840792177876,8.791077180477767,8.044914564493206,8.71853680094332,7.954996239919348,9.1189569413097,8.587100239312884,8.572735190120746,10.587909003536112,8.571429767620122,8.211329536375514,9.972240728967465,9.545234659833483,8.638335605509496
196,39125.33225000001,40939.027,-1813.6950937499932,1813.6950937499932,4.635603046540245,11.944784669603104,11.823688509676721,9.8765097156922,8.71853680094332,8.985002456254456,9.498087805220507,10.719543523899247,8.572735190120746,8.542696192852889,8.571429767620122,8.211329536375514,9.972240728967465,7.280105947047642,10.903464318295338
197,20177.67112999998,4148.214,16029.45726281248,16029.45726281248,79.44156270333907,8.803840792177876,8.791077180477767,9.8765097156922,8.71853680094332,8.32631509533796,8.705466877050135,8.587100239312884,8.572735190120746,8.542696192852889,10.670523674185828,10.024830562272234,8.158739703070745,9.545234659833483,8.638335605509496
198,14001.2867,17604.635,-3603.3480656249994,3603.3480656249994,25.735835161671243,8.803840792177876,8.791077180477767,9.8765097156922,11.292746262991145,10.503373688955346,8.759201187662413,8.587100239312884,8.572735190120746,10.587909003536112,8.571429767620122,10.024830562272234,8.158739703070745,9.545234659833483,8.638335605509496
199,15230.324049999992,16434.973,-1204.648606250008,1204.648606250008,7.909540219205045,8.803840792177876,8.791077180477767,9.8765097156922,8.71853680094332,10.796392698774817,10.180821176727209,10.719543523899247,8.572735190120746,8.542696192852889,8.571429767620122,10.024830562272234,8.158739703070745,9.545234659833483,8.638335605509496
200,33750.29179999998,36176.164,-2425.8722625000228,2425.8722625000228,7.187707522279924,8.803840792177876,11.823688509676721,8.044914564493206,8.71853680094332,7.984863191333455,9.378410578411069,8.587100239312884,10.674494237797813,8.542696192852889,8.571429767620122,8.211329536375514,9.972240728967465,7.280105947047642,10.903464318295338
201,16577.779500000008,21176.09,-4598.310343749992,4598.310343749992,27.737794098117845,8.803840792177876,8.791077180477767,8.044914564493206,8.71853680094332,8.281918275668344,8.231857556178982,8.587100239312884,8.572735190120746,10.587909003536112,8.571429767620122,10.024830562272234,8.158739703070745,7.280105947047642,10.903464318295338
202,4889.036799999999,5140.7407,-251.70392265625105,251.70392265625105,5.148333566567777,8.803840792177876,8.791077180477767,8.044914564493206,8.71853680094332,8.739609125716939,9.085864590809607,8.587100239312884,8.572735190120746,10.587909003536112,8.571429767620122,10.024830562272234,8.158739703070745,9.545234659833483,8.638335605509496
203,20781.488919999985,11554.255,9227.234037187485,9227.234037187485,44.4012172212899,8.803840792177876,8.791077180477767,8.044914564493206,8.71853680094332,10.13528369314907,9.529078368792554,8.587100239312884,8.572735190120746,10.587909003536112,8.571429767620122,8.211329536375514,9.972240728967465,9.545234659833483,8.638335605509496
204,19933.458000000006,18254.846,1678.612296875006,1678.612296875006,8.421079257171563,8.803840792177876,8.791077180477767,9.8765097156922,11.292746262991145,8.197967925747614,9.052535941096314,8.587100239312884,8.572735190120746,8.542696192852889,10.670523674185828,8.211329536375514,9.972240728967465,7.280105947047642,10.903464318295338
205,5012.470999999998,5197.7837,-185.31269140625227,185.31269140625227,3.6970326891916647,8.803840792177876,8.791077180477767,9.8765097156922,8.71853680094332,8.626599039285187,9.624198232626492,8.587100239312884,8.572735190120746,8.542696192852889,10.670523674185828,10.024830562272234,8.158739703070745,9.545234659833483,8.638335605509496
206,7749.1564000000035,8651.48,-902.3240687499965,902.3240687499965,11.644158695132235,8.803840792177876,8.791077180477767,9.8765097156922,8.71853680094332,9.050386863404254,9.537307884999779,8.587100239312884,10.674494237797813,8.542696192852889,8.571429767620122,10.024830562272234,8.158739703070745,9.545234659833483,8.638335605509496
207,7441.501000000005,7705.9053,-264.40427343749525,264.40427343749525,3.5531040503454223,8.803840792177876,8.791077180477767,9.8765097156922,8.71853680094332,9.185998967122357,9.473840965932926,8.587100239312884,8.572735190120746,8.542696192852889,10.670523674185828,8.211329536375514,9.972240728967465,9.545234659833483,8.638335605509496
208,2690.1137999999996,2889.445,-199.33126835937537,199.33126835937537,7.409770856510807,8.803840792177876,8.791077180477767,8.044914564493206,8.71853680094332,8.120475295051556,8.805916910136878,8.587100239312884,10.674494237797813,8.542696192852889,8.571429767620122,10.024830562272234,8.158739703070745,9.545234659833483,8.638335605509496
209,41949.24409999998,30519.904,11429.339803124982,11429.339803124982,27.245639458673786,8.803840792177876,11.823688509676721,9.8765097156922,11.292746262991145,8.85907693137336,10.215908665389618,8.587100239312884,8.572735190120746,10.587909003536112,8.571429767620122,8.211329536375514,9.972240728967465,7.280105947047642,10.903464318295338
210,22478.59999999999,26687.371,-4208.771093750009,4208.771093750009,18.723457393921375,11.944784669603104,8.791077180477767,9.8765097156922,8.71853680094332,9.185998967122357,8.572575165555794,8.587100239312884,8.572735190120746,8.542696192852889,10.670523674185828,10.024830562272234,8.158739703070745,7.280105947047642,10.903464318295338
211,9301.893549999995,9483.883,-181.98926250000477,181.98926250000477,1.9564754371974604,8.803840792177876,8.791077180477767,9.8765097156922,11.292746262991145,9.40152534624577,8.408816307009795,8.587100239312884,10.674494237797813,8.542696192852889,8.571429767620122,8.211329536375514,9.972240728967465,9.545234659833483,8.638335605509496
212,4779.602299999999,5307.905,-528.3024851562514,528.3024851562514,11.053272887500524,8.803840792177876,8.791077180477767,9.8765097156922,8.71853680094332,8.572515640778562,8.82989798395442,8.587100239312884,8.572735190120746,10.587909003536112,8.571429767620122,10.024830562272234,8.158739703070745,9.545234659833483,8.638335605509496
213,7201.700849999998,7297.895,-96.19416953125165,96.19416953125165,1.3357145976321922,8.803840792177876,8.791077180477767,9.8765097156922,8.71853680094332,8.921232478910824,8.50724683069269,8.587100239312884,10.674494237797813,8.542696192852889,8.571429767620122,10.024830562272234,8.158739703070745,9.545234659833483,8.638335605509496
214,12629.896699999996,18588.387,-5958.490018750004,5958.490018750004,47.17766233788758,8.803840792177876,8.791077180477767,8.044914564493206,8.71853680094332,10.599432262422335,8.191808506467568,8.587100239312884,8.572735190120746,10.587909003536112,8.571429767620122,10.024830562272234,8.158739703070745,9.545234659833483,8.638335605509496
215,14133.037749999992,1830.7877,12302.25003027343,12302.25003027343,87.0460423858518,8.803840792177876,8.791077180477767,8.044914564493206,8.71853680094332,7.954996239919348,10.2028560150299,8.587100239312884,8.572735190120746,10.587909003536112,8.571429767620122,10.024830562272234,8.158739703070745,9.545234659833483,8.638335605509496
216,2404.733799999999,2589.1199,-184.38607304687594,184.38607304687594,7.667629283826592,8.803840792177876,8.791077180477767,8.044914564493206,8.71853680094332,8.049440383580169,9.888294495169873,8.587100239312884,10.674494237797813,8.542696192852889,8.571429767620122,10.024830562272234,8.158739703070745,9.545234659833483,8.638335605509496
217,6948.700799999997,8930.381,-1981.680059375003,1981.680059375003,28.51871330213274,8.803840792177876,8.791077180477767,8.044914564493206,8.71853680094332,9.25622666369066,10.347923017910244,8.587100239312884,10.674494237797813,8.542696192852889,8.571429767620122,8.211329536375514,9.972240728967465,9.545234659833483,8.638335605509496
218,8827.209899999993,10503.396,-1676.1865843750074,1676.1865843750074,18.988860618064702,8.803840792177876,8.791077180477767,8.044914564493206,8.71853680094332,9.711495869030001,8.52345198452437,8.587100239312884,10.674494237797813,8.542696192852889,8.571429767620122,8.211329536375514,9.972240728967465,9.545234659833483,8.638335605509496
219,2203.7359500000007,3020.9297,-817.1937374999993,817.1937374999993,37.082198414015934,8.803840792177876,8.791077180477767,8.044914564493206,8.71853680094332,7.954996239919348,9.143623136947399,10.719543523899247,8.572735190120746,8.542696192852889,8.571429767620122,10.024830562272234,8.158739703070745,9.545234659833483,8.638335605509496
220,3213.6220500000013,3553.271,-339.6489460937487,339.6489460937487,10.569038325267545,8.803840792177876,8.791077180477767,8.044914564493206,8.71853680094332,8.197967925747614,8.88143811426234,10.719543523899247,8.572735190120746,8.542696192852889,8.571429767620122,10.024830562272234,8.158739703070745,9.545234659833483,8.638335605509496
221,46151.12450000001,40847.61,5303.515125000013,5303.515125000013,11.491627089173116,11.944784669603104,11.823688509676721,9.8765097156922,11.292746262991145,9.40152534624577,10.663031131258872,8.587100239312884,8.572735190120746,10.587909003536112,8.571429767620122,8.211329536375514,9.972240728967465,7.280105947047642,10.903464318295338
222,46200.98509999997,41017.188,5183.797599999969,5183.797599999969,11.220101884797197,11.944784669603104,11.823688509676721,9.8765097156922,8.71853680094332,9.25622666369066,10.825966064631295,8.587100239312884,8.572735190120746,10.587909003536112,8.571429767620122,10.024830562272234,8.158739703070745,7.280105947047642,10.903464318295338
223,14988.432000000004,18219.398,-3230.9664374999957,3230.9664374999957,21.556400546101116,8.803840792177876,8.791077180477767,9.8765097156922,8.71853680094332,10.999810854351969,8.383442230848246,8.587100239312884,8.572735190120746,8.542696192852889,10.670523674185828,8.211329536375514,9.972240728967465,9.545234659833483,8.638335605509496
224,9377.9047,10998.697,-1620.7925656250009,1620.7925656250009,17.28309913007541,8.803840792177876,8.791077180477767,9.8765097156922,8.71853680094332,9.79302457424148,9.102440093856778,8.587100239312884,8.572735190120746,10.587909003536112,8.571429767620122,8.211329536375514,9.972240728967465,9.545234659833483,8.638335605509496
225,46889.26120000004,50872.39,-3983.129424999963,3983.129424999963,8.494758337117839,11.944784669603104,11.823688509676721,8.044914564493206,8.71853680094332,10.999810854351969,9.648347498683957,8.587100239312884,8.572735190120746,10.587909003536112,8.571429767620122,8.211329536375514,9.972240728967465,7.280105947047642,10.903464318295338
226,41097.16174999996,46783.727,-5686.564812500037,5686.564812500037,13.836879653860871,11.944784669603104,11.823688509676721,8.044914564493206,8.71853680094332,9.711495869030001,9.364921693023124,10.719543523899247,8.572735190120746,8.542696192852889,8.571429767620122,8.211329536375514,9.972240728967465,7.280105947047642,10.903464318295338
227,9644.252500000008,9597.197,47.055234375007785,47.055234375007785,0.48790960600635197,8.803840792177876,8.791077180477767,8.044914564493206,8.71853680094332,9.79302457424148,6.825222802526818,8.587100239312884,10.674494237797813,8.542696192852889,8.571429767620122,10.024830562272234,8.158739703070745,9.545234659833483,8.638335605509496
228,34617.84065000002,37018.086,-2400.24528749998,2400.24528749998,6.933549991657202,8.803840792177876,11.823688509676721,8.044914564493206,8.71853680094332,7.954996239919348,9.601951104469387,10.719543523899247,8.572735190120746,8.542696192852889,8.571429767620122,8.211329536375514,9.972240728967465,7.280105947047642,10.903464318295338
229,4032.240700000003,5174.9136,-1142.672874218747,1142.672874218747,28.338409317150788,8.803840792177876,8.791077180477767,9.8765097156922,8.71853680094332,8.419952024095698,8.118099812178212,8.587100239312884,10.674494237797813,8.542696192852889,8.571429767620122,8.211329536375514,9.972240728967465,9.545234659833483,8.638335605509496
230,12981.345699999993,12925.199,56.146481249992576,56.146481249992576,0.4325166477154414,8.803840792177876,8.791077180477767,8.044914564493206,8.71853680094332,10.796392698774817,10.267757284111068,8.587100239312884,8.572735190120746,10.587909003536112,8.571429767620122,8.211329536375514,9.972240728967465,9.545234659833483,8.638335605509496
231,35491.63999999998,38183.145,-2691.5045312500224,2691.5045312500224,7.5834887631285115,8.803840792177876,11.823688509676721,8.044914564493206,8.71853680094332,8.626599039285187,9.216849121917955,8.587100239312884,8.572735190120746,8.542696192852889,10.670523674185828,8.211329536375514,9.972240728967465,7.280105947047642,10.903464318295338
232,3877.3042500000033,4774.6064,-897.3021953124967,897.3021953124967,23.142424154939505,8.803840792177876,8.791077180477767,9.8765097156922,8.71853680094332,8.239135885804895,9.227844429868147,8.587100239312884,10.674494237797813,8.542696192852889,8.571429767620122,8.211329536375514,9.972240728967465,9.545234659833483,8.638335605509496
233,5979.731000000005,7505.1797,-1525.4486874999948,1525.4486874999948,25.510322914191182,8.803840792177876,8.791077180477767,8.044914564493206,8.71853680094332,9.117385700360222,9.677694589780856,8.587100239312884,8.572735190120746,8.542696192852889,10.670523674185828,8.211329536375514,9.972240728967465,9.545234659833483,8.638335605509496
234,11534.872650000008,10239.094,1295.7789000000084,1295.7789000000084,11.233577858356394,8.803840792177876,8.791077180477767,8.044914564493206,8.71853680094332,10.316099831439873,6.894534443734871,10.719543523899247,8.572735190120746,8.542696192852889,8.571429767620122,8.211329536375514,9.972240728967465,9.545234659833483,8.638335605509496
235,8277.523000000007,9064.682,-787.1586406249935,787.1586406249935,9.509591705453344,8.803840792177876,8.791077180477767,8.044914564493206,8.71853680094332,9.55328174802555,8.92929429785651,8.587100239312884,8.572735190120746,8.542696192852889,10.670523674185828,10.024830562272234,8.158739703070745,9.545234659833483,8.638335605509496
236,13204.285649999989,11726.937,1477.349126562489,1477.349126562489,11.188406292637952,8.803840792177876,8.791077180477767,8.044914564493206,8.71853680094332,10.599432262422335,6.894534443734871,10.719543523899247,8.572735190120746,8.542696192852889,8.571429767620122,10.024830562272234,8.158739703070745,9.545234659833483,8.638335605509496
237,1629.8334999999995,1877.3032,-247.4697226562505,247.4697226562505,15.18374255138642,8.803840792177876,8.791077180477767,8.044914564493206,8.71853680094332,7.954996239919348,10.029763869495335,8.587100239312884,8.572735190120746,10.587909003536112,8.571429767620122,10.024830562272234,8.158739703070745,9.545234659833483,8.638335605509496
238,3021.809150000001,3017.5798,4.229316015625955,4.229316015625955,0.13995973291781028,8.803840792177876,8.791077180477767,8.044914564493206,8.71853680094332,8.197967925747614,9.72861214043375,8.587100239312884,10.674494237797813,8.542696192852889,8.571429767620122,10.024830562272234,8.158739703070745,9.545234659833483,8.638335605509496
239,3392.976799999997,4057.8416,-664.8647527343778,664.8647527343778,19.595322689338115,8.803840792177876,8.791077180477767,9.8765097156922,8.71853680094332,8.239135885804895,9.085864590809607,8.587100239312884,8.572735190120746,10.587909003536112,8.571429767620122,10.024830562272234,8.158739703070745,9.545234659833483,8.638335605509496
240,3443.0639999999976,4081.935,-638.8710585937524,638.8710585937524,18.555305930814907,8.803840792177876,8.791077180477767,9.8765097156922,11.292746262991145,8.084150624412779,9.76986272557044,8.587100239312884,8.572735190120746,8.542696192852889,10.670523674185828,8.211329536375514,9.972240728967465,9.545234659833483,8.638335605509496
241,2699.568350000001,3068.6147,-369.0463960937491,369.0463960937491,13.670570559687773,8.803840792177876,8.791077180477767,8.044914564493206,8.71853680094332,8.239135885804895,9.255583834399184,8.587100239312884,10.674494237797813,8.542696192852889,8.571429767620122,8.211329536375514,9.972240728967465,9.545234659833483,8.638335605509496
242,20277.80751000001,5857.147,14420.66053734376,14420.66053734376,71.11548193872639,8.803840792177876,8.791077180477767,9.8765097156922,8.71853680094332,8.372326344813745,9.043404853606956,10.719543523899247,8.572735190120746,8.542696192852889,8.571429767620122,8.211329536375514,9.972240728967465,9.545234659833483,8.638335605509496
243,8932.084000000004,10237.375,-1305.2909999999956,1305.2909999999956,14.613510128207427,8.803840792177876,8.791077180477767,8.044914564493206,8.71853680094332,9.711495869030001,8.383442230848246,8.587100239312884,8.572735190120746,8.542696192852889,10.670523674185828,10.024830562272234,8.158739703070745,9.545234659833483,8.638335605509496
244,1632.03625,2210.7283,-578.6920214843749,578.6920214843749,35.45828234418046,8.803840792177876,8.791077180477767,8.044914564493206,8.71853680094332,7.984863191333455,8.308265235613005,8.587100239312884,10.674494237797813,8.542696192852889,8.571429767620122,8.211329536375514,9.972240728967465,9.545234659833483,8.638335605509496
245,9566.990900000008,10269.843,-702.851873437492,702.851873437492,7.346634702427609,8.803840792177876,8.791077180477767,9.8765097156922,8.71853680094332,9.631581593624691,7.826884771546932,8.587100239312884,10.674494237797813,8.542696192852889,8.571429767620122,10.024830562272234,8.158739703070745,9.545234659833483,8.638335605509496
246,4391.651999999996,4175.197,216.4552226562464,216.4552226562464,4.928788133855929,8.803840792177876,8.791077180477767,9.8765097156922,11.292746262991145,8.197967925747614,8.149568344278665,8.587100239312884,8.572735190120746,8.542696192852889,10.670523674185828,10.024830562272234,8.158739703070745,9.545234659833483,8.638335605509496
247,7196.867000000003,7724.6187,-527.7516523437471,527.7516523437471,7.3330749664228465,8.803840792177876,8.791077180477767,9.8765097156922,11.292746262991145,8.985002456254456,9.834600324616044,8.587100239312884,8.572735190120746,8.542696192852889,10.670523674185828,8.211329536375514,9.972240728967465,9.545234659833483,8.638335605509496
248,7323.734818999999,2965.929,4357.805863921874,4357.805863921874,59.50250755415664,8.803840792177876,8.791077180477767,8.044914564493206,8.71853680094332,7.954996239919348,8.970479584893145,10.719543523899247,8.572735190120746,8.542696192852889,8.571429767620122,10.024830562272234,8.158739703070745,9.545234659833483,8.638335605509496
249,8410.046849999997,9142.121,-732.074243750003,732.074243750003,8.704758211305366,8.803840792177876,8.791077180477767,9.8765097156922,11.292746262991145,9.185998967122357,9.115208241352049,8.587100239312884,10.674494237797813,8.542696192852889,8.571429767620122,8.211329536375514,9.972240728967465,9.545234659833483,8.638335605509496
250,2719.2797499999992,5669.324,-2950.0444687500008,2950.0444687500008,108.4862441515994,8.803840792177876,8.791077180477767,9.8765097156922,8.71853680094332,7.984863191333455,9.364921693023124,8.587100239312884,10.674494237797813,8.542696192852889,8.571429767620122,10.024830562272234,8.158739703070745,9.545234659833483,8.638335605509496
251,11658.115049999999,13441.992,-1783.8771375000015,1783.8771375000015,15.30159146525151,8.803840792177876,8.791077180477767,8.044914564493206,8.71853680094332,10.224884547391387,8.88143811426234,10.719543523899247,8.572735190120746,8.542696192852889,8.571429767620122,10.024830562272234,8.158739703070745,9.545234659833483,8.638335605509496
252,12146.971000000005,15200.819,-3053.848335937495,3053.848335937495,25.14082182247322,8.803840792177876,8.791077180477767,8.044914564493206,8.71853680094332,10.599432262422335,8.92929429785651,8.587100239312884,8.572735190120746,8.542696192852889,10.670523674185828,8.211329536375514,9.972240728967465,9.545234659833483,8.638335605509496
253,13607.368749999989,14481.263,-873.8939453125113,873.8939453125113,6.422211092886801,8.803840792177876,8.791077180477767,9.8765097156922,8.71853680094332,10.408929545294525,9.364921693023124,10.719543523899247,8.572735190120746,8.542696192852889,8.571429767620122,10.024830562272234,8.158739703070745,9.545234659833483,8.638335605509496
254,60021.39896999996,48586.914,11434.484907499958,11434.484907499958,19.050680430183192,11.944784669603104,11.823688509676721,9.8765097156922,11.292746262991145,9.876167709259125,9.72861214043375,8.587100239312884,10.674494237797813,8.542696192852889,8.571429767620122,8.211329536375514,9.972240728967465,7.280105947047642,10.903464318295338
255,13747.872350000001,17230.406,-3482.5338999999985,3482.5338999999985,25.331439013543054,8.803840792177876,8.791077180477767,8.044914564493206,8.71853680094332,7.954996239919348,7.615585288502617,10.719543523899247,8.572735190120746,8.542696192852889,8.571429767620122,8.211329536375514,9.972240728967465,7.280105947047642,10.903464318295338
256,12029.28670000001,12063.616,-34.32951093749034,34.32951093749034,0.28538276452826017,8.803840792177876,8.791077180477767,8.044914564493206,8.71853680094332,10.316099831439873,7.751150731474393,10.719543523899247,8.572735190120746,8.542696192852889,8.571429767620122,10.024830562272234,8.158739703070745,9.545234659833483,8.638335605509496
257,6113.231050000006,9243.874,-3130.642973437494,3130.642973437494,51.21093817380731,8.803840792177876,8.791077180477767,9.8765097156922,11.292746262991145,8.469192133183817,9.171866094223985,10.719543523899247,8.572735190120746,8.542696192852889,8.571429767620122,10.024830562272234,8.158739703070745,9.545234659833483,8.638335605509496
258,8059.6790999999985,8585.179,-525.4996109375015,525.4996109375015,6.520105880363173,8.803840792177876,8.791077180477767,9.8765097156922,11.292746262991145,8.985002456254456,8.896396820708658,8.587100239312884,10.674494237797813,8.542696192852889,8.571429767620122,10.024830562272234,8.158739703070745,9.545234659833483,8.638335605509496
259,25333.332840000014,10915.335,14417.997879062514,14417.997879062514,56.91315063092388,8.803840792177876,8.791077180477767,9.8765097156922,8.71853680094332,9.711495869030001,9.40527196263736,10.719543523899247,8.572735190120746,8.542696192852889,8.571429767620122,8.211329536375514,9.972240728967465,9.545234659833483,8.638335605509496
260,37465.34374999998,38653.074,-1187.7304687500218,1187.7304687500218,3.1702110533818937,8.803840792177876,11.823688509676721,9.8765097156922,11.292746262991145,8.016344572553727,9.876203328102658,8.587100239312884,10.674494237797813,8.542696192852889,8.571429767620122,8.211329536375514,9.972240728967465,7.280105947047642,10.903464318295338
261,47055.53209999997,51898.043,-4842.510868750032,4842.510868750032,10.291055382094033,11.944784669603104,11.823688509676721,8.044914564493206,8.71853680094332,10.89729456166031,9.80751981560873,8.587100239312884,8.572735190120746,10.587909003536112,8.571429767620122,8.211329536375514,9.972240728967465,7.280105947047642,10.903464318295338
262,12949.1554,13961.831,-1012.6756546875004,1012.6756546875004,7.820399272430543,8.803840792177876,8.791077180477767,9.8765097156922,11.292746262991145,10.224884547391387,9.618814718688984,8.587100239312884,8.572735190120746,10.587909003536112,8.571429767620122,8.211329536375514,9.972240728967465,9.545234659833483,8.638335605509496
263,13831.11519999999,13461.441,369.6737937499893,369.6737937499893,2.6727692482092085,8.803840792177876,8.791077180477767,8.044914564493206,8.71853680094332,10.999810854351969,10.457215958289245,8.587100239312884,8.572735190120746,10.587909003536112,8.571429767620122,8.211329536375514,9.972240728967465,9.545234659833483,8.638335605509496
264,13887.204000000002,15858.456,-1971.2520546874985,1971.2520546874985,14.194736785658929,8.803840792177876,8.791077180477767,8.044914564493206,8.71853680094332,10.89729456166031,9.96144253422962,8.587100239312884,8.572735190120746,10.587909003536112,8.571429767620122,10.024830562272234,8.158739703070745,9.545234659833483,8.638335605509496
265,3925.7582000000025,5376.604,-1450.8458039062475,1450.8458039062475,36.95708523021735,8.803840792177876,8.791077180477767,9.8765097156922,8.71853680094332,8.084150624412779,9.741091232544886,10.719543523899247,8.572735190120746,8.542696192852889,8.571429767620122,10.024830562272234,8.158739703070745,9.545234659833483,8.638335605509496
266,47403.87999999996,50704.41,-3300.530156250039,3300.530156250039,6.962573857351005,11.944784669603104,11.823688509676721,9.8765097156922,8.71853680094332,10.697105265695491,9.96144253422962,8.587100239312884,8.572735190120746,8.542696192852889,10.670523674185828,8.211329536375514,9.972240728967465,7.280105947047642,10.903464318295338
267,8534.671800000002,8866.769,-332.0967546874981,332.0967546874981,3.891148511270205,8.803840792177876,8.791077180477767,8.044914564493206,8.71853680094332,9.476596332232575,8.153256614771948,10.719543523899247,8.572735190120746,8.542696192852889,8.571429767620122,10.024830562272234,8.158739703070745,9.545234659833483,8.638335605509496
